Tanggal;Hujan
2015-01-01;18.46
2015-01-02;24.97
2015-01-03;13.82
2015-01-04;22.75
2015-01-05;22.38
2015-01-06;2.2
2015-01-07;0.74
2015-01-08;0.8
2015-01-09;0.11
2015-01-10;0.48
2015-01-11;1.24
2015-01-12;1.7
2015-01-13;12.63
2015-01-14;1.9
2015-01-15;0.43
2015-01-16;16.69
2015-01-17;10.58
2015-01-18;17.61
2015-01-19;60.3
2015-01-20;17.83
2015-01-21;0.31
2015-01-22;11.19
2015-01-23;31.62
2015-01-24;13.05
2015-01-25;8.95
2015-01-26;2.36
2015-01-27;28.85
2015-01-28;49.93
2015-01-29;23.74
2015-01-30;13.41
2015-01-31;10.99
2015-02-01;12.82
2015-02-02;23.88
2015-02-03;13.22
2015-02-04;22.8
2015-02-05;31.66
2015-02-06;16.41
2015-02-07;3.06
2015-02-08;1.83
2015-02-09;7.77
2015-02-10;0.87
2015-02-11;13.19
2015-02-12;28.85
2015-02-13;15.94
2015-02-14;8.11
2015-02-15;15.64
2015-02-16;17.11
2015-02-17;17.15
2015-02-18;7.24
2015-02-19;16.61
2015-02-20;10.72
2015-02-21;31.99
2015-02-22;7.44
2015-02-23;0.12
2015-02-24;0.64
2015-02-25;2.46
2015-02-26;3.04
2015-02-27;5.58
2015-02-28;4.63
2015-03-01;25.06
2015-03-02;5.78
2015-03-03;5.37
2015-03-04;36.99
2015-03-05;19.87
2015-03-06;30.87
2015-03-07;3.48
2015-03-08;6.92
2015-03-09;5.04
2015-03-10;9.17
2015-03-11;3.64
2015-03-12;5.75
2015-03-13;3.79
2015-03-14;2.46
2015-03-15;36.39
2015-03-16;13.86
2015-03-17;26.18
2015-03-18;22.39
2015-03-19;19.09
2015-03-20;21.2
2015-03-21;15.91
2015-03-22;6
2015-03-23;0
2015-03-24;0.88
2015-03-25;2.94
2015-03-26;5.67
2015-03-27;0.68
2015-03-28;0
2015-03-29;0
2015-03-30;0
2015-03-31;11.6
2015-04-01;6.66
2015-04-02;14.34
2015-04-03;10.79
2015-04-04;2.32
2015-04-05;3.51
2015-04-06;7.87
2015-04-07;26.22
2015-04-08;0.21
2015-04-09;0.01
2015-04-10;3.73
2015-04-11;5.37
2015-04-12;5.66
2015-04-13;4.37
2015-04-14;24.72
2015-04-15;10.8
2015-04-16;1.62
2015-04-17;10.12
2015-04-18;12.05
2015-04-19;6.9
2015-04-20;5.75
2015-04-21;1.95
2015-04-22;1.13
2015-04-23;5.42
2015-04-24;11.31
2015-04-25;4.57
2015-04-26;0.63
2015-04-27;2.47
2015-04-28;11.47
2015-04-29;2.06
2015-04-30;6.18
2015-05-01;20.67
2015-05-02;34.02
2015-05-03;5.02
2015-05-04;12.77
2015-05-05;5.58
2015-05-06;1.73
2015-05-07;0.01
2015-05-08;0
2015-05-09;0
2015-05-10;0
2015-05-11;0.19
2015-05-12;0.57
2015-05-13;2.45
2015-05-14;1.42
2015-05-15;0.07
2015-05-16;0
2015-05-17;0.6
2015-05-18;0.19
2015-05-19;0
2015-05-20;0
2015-05-21;0
2015-05-22;0
2015-05-23;4.15
2015-05-24;9.75
2015-05-25;12.5
2015-05-26;17.59
2015-05-27;3.04
2015-05-28;0.1
2015-05-29;0.05
2015-05-30;0.21
2015-05-31;0.24
2015-06-01;0.02
2015-06-02;0.27
2015-06-03;0.42
2015-06-04;0.14
2015-06-05;0.1
2015-06-06;0.65
2015-06-07;0.25
2015-06-08;0.16
2015-06-09;1.74
2015-06-10;0.18
2015-06-11;0
2015-06-12;0
2015-06-13;0
2015-06-14;2.06
2015-06-15;1.43
2015-06-16;0
2015-06-17;0
2015-06-18;0
2015-06-19;0
2015-06-20;0
2015-06-21;0
2015-06-22;0
2015-06-23;0
2015-06-24;0
2015-06-25;0
2015-06-26;0
2015-06-27;0
2015-06-28;0
2015-06-29;0.05
2015-06-30;0.02
2015-07-01;0
2015-07-02;0.03
2015-07-03;0.05
2015-07-04;0
2015-07-05;0
2015-07-06;0
2015-07-07;0
2015-07-08;0
2015-07-09;0.06
2015-07-10;0
2015-07-11;0
2015-07-12;0
2015-07-13;0
2015-07-14;0
2015-07-15;0
2015-07-16;0
2015-07-17;0
2015-07-18;0
2015-07-19;0.36
2015-07-20;0.43
2015-07-21;0
2015-07-22;0
2015-07-23;0
2015-07-24;0
2015-07-25;0.05
2015-07-26;0.07
2015-07-27;0
2015-07-28;0
2015-07-29;0
2015-07-30;0.11
2015-07-31;0.03
2015-08-01;0
2015-08-02;0
2015-08-03;0.01
2015-08-04;0.55
2015-08-05;4.36
2015-08-06;2.26
2015-08-07;0.87
2015-08-08;0.17
2015-08-09;0.04
2015-08-10;0
2015-08-11;0.01
2015-08-12;0.02
2015-08-13;0
2015-08-14;0
2015-08-15;0
2015-08-16;0
2015-08-17;0
2015-08-18;0
2015-08-19;0
2015-08-20;0
2015-08-21;0
2015-08-22;0
2015-08-23;0
2015-08-24;0
2015-08-25;0
2015-08-26;0
2015-08-27;0
2015-08-28;0
2015-08-29;0.05
2015-08-30;0.02
2015-08-31;0
2015-09-01;0
2015-09-02;0
2015-09-03;0
2015-09-04;0
2015-09-05;0
2015-09-06;0
2015-09-07;0
2015-09-08;0
2015-09-09;0
2015-09-10;0
2015-09-11;0
2015-09-12;0.02
2015-09-13;0.03
2015-09-14;0
2015-09-15;0
2015-09-16;0
2015-09-17;0
2015-09-18;0
2015-09-19;0
2015-09-20;0
2015-09-21;0
2015-09-22;0
2015-09-23;0
2015-09-24;0
2015-09-25;0
2015-09-26;0
2015-09-27;0
2015-09-28;0
2015-09-29;0
2015-09-30;0
2015-10-01;0
2015-10-02;0
2015-10-03;0
2015-10-04;0
2015-10-05;0
2015-10-06;0
2015-10-07;0
2015-10-08;0
2015-10-09;0
2015-10-10;0
2015-10-11;0
2015-10-12;0
2015-10-13;0
2015-10-14;0
2015-10-15;0
2015-10-16;0
2015-10-17;0
2015-10-18;0
2015-10-19;0
2015-10-20;0
2015-10-21;0
2015-10-22;0
2015-10-23;0
2015-10-24;0
2015-10-25;0
2015-10-26;0
2015-10-27;0
2015-10-28;0
2015-10-29;0
2015-10-30;0
2015-10-31;0
2015-11-01;0
2015-11-02;0.82
2015-11-03;2.23
2015-11-04;1.75
2015-11-05;0
2015-11-06;0
2015-11-07;1.73
2015-11-08;0.41
2015-11-09;14.1
2015-11-10;18.35
2015-11-11;1.49
2015-11-12;0.48
2015-11-13;0.27
2015-11-14;0.01
2015-11-15;0
2015-11-16;0.82
2015-11-17;0.97
2015-11-18;1.06
2015-11-19;0.85
2015-11-20;0.7
2015-11-21;0.22
2015-11-22;0
2015-11-23;0
2015-11-24;2.52
2015-11-25;22.38
2015-11-26;24.9
2015-11-27;2.72
2015-11-28;0.98
2015-11-29;0.78
2015-11-30;0.04
2015-12-01;0.03
2015-12-02;1.01
2015-12-03;0.97
2015-12-04;3.94
2015-12-05;6.53
2015-12-06;42.64
2015-12-07;2.7
2015-12-08;0.43
2015-12-09;2.24
2015-12-10;1.19
2015-12-11;0.76
2015-12-12;0.3
2015-12-13;0.13
2015-12-14;15.49
2015-12-15;3.35
2015-12-16;3.22
2015-12-17;4.66
2015-12-18;5.62
2015-12-19;1.52
2015-12-20;1.36
2015-12-21;9.18
2015-12-22;1.11
2015-12-23;3.79
2015-12-24;1.73
2015-12-25;0.71
2015-12-26;1.26
2015-12-27;11.14
2015-12-28;3.22
2015-12-29;7.36
2015-12-30;13.73
2015-12-31;13.53
2016-01-01;2.87
2016-01-02;2.24
2016-01-03;25.4
2016-01-04;12.65
2016-01-05;0.96
2016-01-06;0.04
2016-01-07;0
2016-01-08;1.41
2016-01-09;0.86
2016-01-10;2.19
2016-01-11;1.56
2016-01-12;0.06
2016-01-13;2.34
2016-01-14;1.11
2016-01-15;0.11
2016-01-16;0.15
2016-01-17;6.9
2016-01-18;17.89
2016-01-19;1.91
2016-01-20;9.87
2016-01-21;7.4
2016-01-22;6.03
2016-01-23;12.85
2016-01-24;4.1
2016-01-25;29.27
2016-01-26;12.09
2016-01-27;12.19
2016-01-28;6.19
2016-01-29;31.19
2016-01-30;8.34
2016-01-31;11.92
2016-02-01;3.81
2016-02-02;9.77
2016-02-03;1.49
2016-02-04;8.32
2016-02-05;22.38
2016-02-06;41.89
2016-02-07;16.7
2016-02-08;39.33
2016-02-09;22.34
2016-02-10;35.02
2016-02-11;14.94
2016-02-12;6.38
2016-02-13;1.11
2016-02-14;1.5
2016-02-15;15.9
2016-02-16;22.06
2016-02-17;13.87
2016-02-18;15.58
2016-02-19;1.69
2016-02-20;6.48
2016-02-21;22.41
2016-02-22;9.79
2016-02-23;20.61
2016-02-24;17.67
2016-02-25;35.8
2016-02-26;29.58
2016-02-27;23.55
2016-02-28;6.39
2016-02-29;4.39
2016-03-01;10.31
2016-03-02;4.59
2016-03-03;30.59
2016-03-04;3.99
2016-03-05;3.16
2016-03-06;3.56
2016-03-07;0.6
2016-03-08;0
2016-03-09;0.2
2016-03-10;2.76
2016-03-11;9.89
2016-03-12;0.33
2016-03-13;0.15
2016-03-14;4.73
2016-03-15;6.83
2016-03-16;9.14
2016-03-17;2.09
2016-03-18;12.86
2016-03-19;18.12
2016-03-20;5.93
2016-03-21;8.89
2016-03-22;1.09
2016-03-23;2.64
2016-03-24;6.52
2016-03-25;5.93
2016-03-26;4.19
2016-03-27;2.21
2016-03-28;1.6
2016-03-29;2.91
2016-03-30;17.56
2016-03-31;10.53
2016-04-01;24.45
2016-04-02;7.26
2016-04-03;4.61
2016-04-04;8.02
2016-04-05;10.79
2016-04-06;3.41
2016-04-07;1.95
2016-04-08;5.12
2016-04-09;37.7
2016-04-10;11.34
2016-04-11;4.25
2016-04-12;4.6
2016-04-13;5.11
2016-04-14;19.22
2016-04-15;39.29
2016-04-16;1.38
2016-04-17;0.03
2016-04-18;4.07
2016-04-19;3.48
2016-04-20;2.36
2016-04-21;2.08
2016-04-22;1.83
2016-04-23;1.32
2016-04-24;0.34
2016-04-25;0.61
2016-04-26;3.31
2016-04-27;2.4
2016-04-28;3.9
2016-04-29;0.26
2016-04-30;3.45
2016-05-01;7.4
2016-05-02;9.59
2016-05-03;14
2016-05-04;6.16
2016-05-05;0
2016-05-06;0.13
2016-05-07;15.1
2016-05-08;2.28
2016-05-09;10.02
2016-05-10;4.6
2016-05-11;2.67
2016-05-12;3.68
2016-05-13;0.87
2016-05-14;8.05
2016-05-15;2.25
2016-05-16;25.83
2016-05-17;22.43
2016-05-18;1.25
2016-05-19;3.4
2016-05-20;9.71
2016-05-21;19.69
2016-05-22;6.48
2016-05-23;10.39
2016-05-24;15.32
2016-05-25;1.43
2016-05-26;0.2
2016-05-27;3.53
2016-05-28;4.38
2016-05-29;8.82
2016-05-30;74.93
2016-05-31;12.58
2016-06-01;0.76
2016-06-02;0.85
2016-06-03;0
2016-06-04;0
2016-06-05;0
2016-06-06;1.46
2016-06-07;1.86
2016-06-08;0.95
2016-06-09;0.05
2016-06-10;0
2016-06-11;0
2016-06-12;0.01
2016-06-13;0.94
2016-06-14;8.21
2016-06-15;2.29
2016-06-16;4.42
2016-06-17;8.01
2016-06-18;17.68
2016-06-19;22.3
2016-06-20;1.08
2016-06-21;0.09
2016-06-22;10.95
2016-06-23;10.25
2016-06-24;0.17
2016-06-25;0.32
2016-06-26;0.47
2016-06-27;2.49
2016-06-28;16.92
2016-06-29;14.83
2016-06-30;10.85
2016-07-01;1.28
2016-07-02;4.18
2016-07-03;2.12
2016-07-04;0.01
2016-07-05;0
2016-07-06;0.03
2016-07-07;0.03
2016-07-08;0
2016-07-09;0
2016-07-10;0.73
2016-07-11;0.62
2016-07-12;0
2016-07-13;4.49
2016-07-14;16.52
2016-07-15;31.7
2016-07-16;7.35
2016-07-17;10.15
2016-07-18;7.62
2016-07-19;2.22
2016-07-20;11.54
2016-07-21;3.33
2016-07-22;10.75
2016-07-23;4.05
2016-07-24;1.01
2016-07-25;0.03
2016-07-26;0.47
2016-07-27;0.35
2016-07-28;0.1
2016-07-29;0
2016-07-30;19.91
2016-07-31;6.51
2016-08-01;0
2016-08-02;0
2016-08-03;0
2016-08-04;6.75
2016-08-05;4.71
2016-08-06;11.6
2016-08-07;11.52
2016-08-08;0.01
2016-08-09;0.32
2016-08-10;0.47
2016-08-11;0.03
2016-08-12;7.12
2016-08-13;18.93
2016-08-14;3.65
2016-08-15;0.09
2016-08-16;0.05
2016-08-17;0.97
2016-08-18;0.23
2016-08-19;0
2016-08-20;0
2016-08-21;0
2016-08-22;0
2016-08-23;0.02
2016-08-24;0.46
2016-08-25;0.19
2016-08-26;0
2016-08-27;1.76
2016-08-28;1.61
2016-08-29;1.84
2016-08-30;0.68
2016-08-31;0
2016-09-01;1.03
2016-09-02;1.04
2016-09-03;3.12
2016-09-04;1.74
2016-09-05;0.4
2016-09-06;0.01
2016-09-07;0.06
2016-09-08;0.02
2016-09-09;2.7
2016-09-10;1.46
2016-09-11;0
2016-09-12;0
2016-09-13;0.17
2016-09-14;0.01
2016-09-15;4.32
2016-09-16;2.5
2016-09-17;1.3
2016-09-18;0.4
2016-09-19;2.32
2016-09-20;8.16
2016-09-21;12.33
2016-09-22;5.05
2016-09-23;27.84
2016-09-24;23.21
2016-09-25;5.48
2016-09-26;14.45
2016-09-27;1.79
2016-09-28;2.76
2016-09-29;1.39
2016-09-30;8.75
2016-10-01;12.62
2016-10-02;53.02
2016-10-03;7.42
2016-10-04;2.31
2016-10-05;1.17
2016-10-06;0.05
2016-10-07;0.85
2016-10-08;41.74
2016-10-09;20.46
2016-10-10;14.52
2016-10-11;33.44
2016-10-12;6.87
2016-10-13;13.1
2016-10-14;4.09
2016-10-15;0
2016-10-16;0
2016-10-17;0
2016-10-18;1.36
2016-10-19;0.48
2016-10-20;0.19
2016-10-21;0.49
2016-10-22;4.83
2016-10-23;30.12
2016-10-24;8.52
2016-10-25;0.76
2016-10-26;1.18
2016-10-27;9.27
2016-10-28;12.1
2016-10-29;0.84
2016-10-30;0.6
2016-10-31;0.18
2016-11-01;0.02
2016-11-02;0.1
2016-11-03;0.01
2016-11-04;0.46
2016-11-05;2.64
2016-11-06;0.98
2016-11-07;0.32
2016-11-08;4.33
2016-11-09;16.2
2016-11-10;3.6
2016-11-11;14.6
2016-11-12;11.77
2016-11-13;5.42
2016-11-14;1.05
2016-11-15;7.58
2016-11-16;10.29
2016-11-17;10.16
2016-11-18;2.16
2016-11-19;0.28
2016-11-20;4.33
2016-11-21;2.66
2016-11-22;1.31
2016-11-23;5.59
2016-11-24;6.86
2016-11-25;13.01
2016-11-26;5.99
2016-11-27;7.18
2016-11-28;8.27
2016-11-29;0.88
2016-11-30;15.26
2016-12-01;5.84
2016-12-02;22.47
2016-12-03;4.5
2016-12-04;2.47
2016-12-05;12.38
2016-12-06;6.14
2016-12-07;5.92
2016-12-08;1.07
2016-12-09;9.46
2016-12-10;4.41
2016-12-11;4.39
2016-12-12;1.59
2016-12-13;5.8
2016-12-14;4.79
2016-12-15;11.77
2016-12-16;6.9
2016-12-17;0.93
2016-12-18;1.24
2016-12-19;15.69
2016-12-20;3.45
2016-12-21;4.29
2016-12-22;0.77
2016-12-23;2.89
2016-12-24;0.93
2016-12-25;1.54
2016-12-26;20.81
2016-12-27;50.85
2016-12-28;1.76
2016-12-29;29.72
2016-12-30;51.7
2016-12-31;6.82
2017-01-01;19.8
2017-01-02;12.4
2017-01-03;6.59
2017-01-04;3.94
2017-01-05;1.25
2017-01-06;1.39
2017-01-07;0.35
2017-01-08;0.64
2017-01-09;3.35
2017-01-10;2.29
2017-01-11;1.21
2017-01-12;38.92
2017-01-13;57.65
2017-01-14;31.2
2017-01-15;30.15
2017-01-16;7.12
2017-01-17;6.13
2017-01-18;1.06
2017-01-19;18.45
2017-01-20;11.42
2017-01-21;37.3
2017-01-22;10.91
2017-01-23;36.32
2017-01-24;3.87
2017-01-25;6.15
2017-01-26;9.09
2017-01-27;8.37
2017-01-28;17.37
2017-01-29;19.6
2017-01-30;5.42
2017-01-31;7.64
2017-02-01;43.91
2017-02-02;9.51
2017-02-03;15.67
2017-02-04;4.55
2017-02-05;0.32
2017-02-06;2.41
2017-02-07;2.88
2017-02-08;4.42
2017-02-09;8.55
2017-02-10;4.83
2017-02-11;5.63
2017-02-12;8.75
2017-02-13;4.62
2017-02-14;23.77
2017-02-15;19.87
2017-02-16;21.55
2017-02-17;19.77
2017-02-18;7.12
2017-02-19;3.83
2017-02-20;4.18
2017-02-21;2.4
2017-02-22;2.94
2017-02-23;0.69
2017-02-24;5.05
2017-02-25;5.49
2017-02-26;1.11
2017-02-27;25.29
2017-02-28;10.84
2017-03-01;3.59
2017-03-02;2.26
2017-03-03;11.97
2017-03-04;4.32
2017-03-05;0.41
2017-03-06;3.39
2017-03-07;2.9
2017-03-08;0.58
2017-03-09;0.35
2017-03-10;2.13
2017-03-11;3.92
2017-03-12;40.22
2017-03-13;11.77
2017-03-14;6
2017-03-15;8.1
2017-03-16;8.29
2017-03-17;5.98
2017-03-18;1.42
2017-03-19;5.43
2017-03-20;10.39
2017-03-21;3.95
2017-03-22;1.03
2017-03-23;0.64
2017-03-24;0.69
2017-03-25;8.98
2017-03-26;46.76
2017-03-27;5
2017-03-28;3.2
2017-03-29;0.53
2017-03-30;0.32
2017-03-31;8.96
2017-04-01;1.89
2017-04-02;5.28
2017-04-03;7.6
2017-04-04;14.95
2017-04-05;8.52
2017-04-06;6.41
2017-04-07;1.59
2017-04-08;15.95
2017-04-09;3.32
2017-04-10;0.22
2017-04-11;2.42
2017-04-12;0.64
2017-04-13;6.51
2017-04-14;10.37
2017-04-15;2.89
2017-04-16;0.11
2017-04-17;16.29
2017-04-18;20.18
2017-04-19;1.47
2017-04-20;25.41
2017-04-21;11.77
2017-04-22;1.24
2017-04-23;0.61
2017-04-24;3.09
2017-04-25;2.17
2017-04-26;5.49
2017-04-27;0.08
2017-04-28;0.8
2017-04-29;17.87
2017-04-30;21.89
2017-05-01;4.37
2017-05-02;2.28
2017-05-03;5.81
2017-05-04;1.14
2017-05-05;23.01
2017-05-06;11.91
2017-05-07;0.21
2017-05-08;16.78
2017-05-09;9.84
2017-05-10;0.01
2017-05-11;0
2017-05-12;0.8
2017-05-13;0.09
2017-05-14;0
2017-05-15;0
2017-05-16;0.59
2017-05-17;0.04
2017-05-18;0
2017-05-19;0
2017-05-20;0
2017-05-21;0
2017-05-22;0
2017-05-23;0
2017-05-24;0
2017-05-25;0.08
2017-05-26;1.34
2017-05-27;0.85
2017-05-28;13.6
2017-05-29;14.07
2017-05-30;5.24
2017-05-31;4.03
2017-06-01;6.92
2017-06-02;2.11
2017-06-03;0.1
2017-06-04;0
2017-06-05;0.18
2017-06-06;0.09
2017-06-07;0.34
2017-06-08;0.27
2017-06-09;0.03
2017-06-10;0
2017-06-11;6.61
2017-06-12;14.18
2017-06-13;3.53
2017-06-14;2.22
2017-06-15;1.16
2017-06-16;0.03
2017-06-17;0
2017-06-18;0
2017-06-19;0
2017-06-20;0.71
2017-06-21;11.06
2017-06-22;5.88
2017-06-23;0.28
2017-06-24;0.62
2017-06-25;2.14
2017-06-26;2.37
2017-06-27;24.71
2017-06-28;1.5
2017-06-29;0
2017-06-30;0
2017-07-01;0.15
2017-07-02;1.05
2017-07-03;0.57
2017-07-04;0
2017-07-05;0
2017-07-06;0.02
2017-07-07;0.12
2017-07-08;0.39
2017-07-09;0.43
2017-07-10;0.21
2017-07-11;0.02
2017-07-12;0.1
2017-07-13;0.08
2017-07-14;0.07
2017-07-15;0.02
2017-07-16;0
2017-07-17;0
2017-07-18;8.27
2017-07-19;3.57
2017-07-20;1.23
2017-07-21;1.88
2017-07-22;0.14
2017-07-23;0
2017-07-24;0
2017-07-25;0
2017-07-26;2.89
2017-07-27;11.36
2017-07-28;0.69
2017-07-29;0
2017-07-30;0
2017-07-31;0
2017-08-01;0.04
2017-08-02;0.22
2017-08-03;0.11
2017-08-04;0.03
2017-08-05;0.01
2017-08-06;0.03
2017-08-07;0
2017-08-08;0
2017-08-09;0
2017-08-10;0.08
2017-08-11;0.01
2017-08-12;0
2017-08-13;0
2017-08-14;0
2017-08-15;0
2017-08-16;0
2017-08-17;0
2017-08-18;0
2017-08-19;0
2017-08-20;0
2017-08-21;0
2017-08-22;0
2017-08-23;0
2017-08-24;0
2017-08-25;0
2017-08-26;0
2017-08-27;0
2017-08-28;0
2017-08-29;0.04
2017-08-30;0.02
2017-08-31;0.02
2017-09-01;0
2017-09-02;0
2017-09-03;0
2017-09-04;0
2017-09-05;0
2017-09-06;0
2017-09-07;0.01
2017-09-08;0.01
2017-09-09;0
2017-09-10;0.08
2017-09-11;0.01
2017-09-12;0
2017-09-13;0
2017-09-14;0
2017-09-15;0
2017-09-16;0
2017-09-17;0.62
2017-09-18;0.26
2017-09-19;0
2017-09-20;0
2017-09-21;0
2017-09-22;0.17
2017-09-23;0.04
2017-09-24;0.76
2017-09-25;2.35
2017-09-26;1.78
2017-09-27;0.74
2017-09-28;0.02
2017-09-29;1.57
2017-09-30;2.37
2017-10-01;3.51
2017-10-02;2.91
2017-10-03;1.39
2017-10-04;0.4
2017-10-05;0
2017-10-06;0.19
2017-10-07;0.11
2017-10-08;0.63
2017-10-09;0.38
2017-10-10;0.17
2017-10-11;0.16
2017-10-12;0.03
2017-10-13;0.45
2017-10-14;0.04
2017-10-15;0.5
2017-10-16;3.52
2017-10-17;0.69
2017-10-18;0.01
2017-10-19;0.17
2017-10-20;0.01
2017-10-21;0
2017-10-22;0
2017-10-23;20.83
2017-10-24;17.34
2017-10-25;0.15
2017-10-26;0
2017-10-27;21.22
2017-10-28;2.2
2017-10-29;0.21
2017-10-30;0.04
2017-10-31;0
2017-11-01;0
2017-11-02;0
2017-11-03;0.3
2017-11-04;5.87
2017-11-05;7.25
2017-11-06;0.97
2017-11-07;0.18
2017-11-08;0.01
2017-11-09;0.25
2017-11-10;0.85
2017-11-11;0.56
2017-11-12;1.07
2017-11-13;14.37
2017-11-14;4.18
2017-11-15;4.56
2017-11-16;5.08
2017-11-17;46.81
2017-11-18;13.24
2017-11-19;3.5
2017-11-20;4.49
2017-11-21;1.65
2017-11-22;3.17
2017-11-23;3.68
2017-11-24;42
2017-11-25;36.55
2017-11-26;11.26
2017-11-27;21.1
2017-11-28;13.58
2017-11-29;23.47
2017-11-30;9.87
2017-12-01;7.54
2017-12-02;5.05
2017-12-03;3.37
2017-12-04;11.54
2017-12-05;1.58
2017-12-06;8.87
2017-12-07;3.26
2017-12-08;12.5
2017-12-09;7.5
2017-12-10;8.94
2017-12-11;34.89
2017-12-12;22.03
2017-12-13;5.8
2017-12-14;8.78
2017-12-15;1.48
2017-12-16;5.29
2017-12-17;22.35
2017-12-18;65.65
2017-12-19;16.44
2017-12-20;31.41
2017-12-21;19.57
2017-12-22;4.21
2017-12-23;0.15
2017-12-24;0
2017-12-25;5.35
2017-12-26;8.17
2017-12-27;3.09
2017-12-28;0.7
2017-12-29;0.18
2017-12-30;4.41
2017-12-31;2.07
2018-01-01;9.41
2018-01-02;7.74
2018-01-03;14.1
2018-01-04;12.79
2018-01-05;1.49
2018-01-06;5.81
2018-01-07;8.82
2018-01-08;3.7
2018-01-09;4.05
2018-01-10;16.09
2018-01-11;18.01
2018-01-12;1.7
2018-01-13;2.74
2018-01-14;4.22
2018-01-15;1.61
2018-01-16;0.25
2018-01-17;1.03
2018-01-18;31.02
2018-01-19;47.44
2018-01-20;13.03
2018-01-21;8.5
2018-01-22;5.49
2018-01-23;10.01
2018-01-24;9.13
2018-01-25;8.06
2018-01-26;0.99
2018-01-27;3.26
2018-01-28;2.56
2018-01-29;2.22
2018-01-30;5.96
2018-01-31;8.65
2018-02-01;16.05
2018-02-02;22.07
2018-02-03;15.72
2018-02-04;7.78
2018-02-05;5.85
2018-02-06;2.11
2018-02-07;0.94
2018-02-08;26.3
2018-02-09;22.4
2018-02-10;21.35
2018-02-11;8.85
2018-02-12;0.65
2018-02-13;2.57
2018-02-14;0.71
2018-02-15;46.43
2018-02-16;38.39
2018-02-17;5.34
2018-02-18;2.67
2018-02-19;5.76
2018-02-20;16.43
2018-02-21;28.85
2018-02-22;82.63
2018-02-23;9.12
2018-02-24;4.5
2018-02-25;12.89
2018-02-26;16.02
2018-02-27;1.87
2018-02-28;2.29
2018-03-01;4.98
2018-03-02;2.49
2018-03-03;6.86
2018-03-04;7.82
2018-03-05;9.59
2018-03-06;4.88
2018-03-07;9.98
2018-03-08;32.52
2018-03-09;14.31
2018-03-10;15.72
2018-03-11;16.2
2018-03-12;2.98
2018-03-13;10.62
2018-03-14;2.28
2018-03-15;0.12
2018-03-16;18.83
2018-03-17;31.32
2018-03-18;26.76
2018-03-19;3.59
2018-03-20;4.95
2018-03-21;6.22
2018-03-22;2.82
2018-03-23;0.42
2018-03-24;6.13
2018-03-25;7.63
2018-03-26;1.62
2018-03-27;8.43
2018-03-28;7.52
2018-03-29;8.79
2018-03-30;20.01
2018-03-31;11.56
2018-04-01;24.19
2018-04-02;19.29
2018-04-03;3.04
2018-04-04;0.12
2018-04-05;0.39
2018-04-06;11.22
2018-04-07;13.06
2018-04-08;0.81
2018-04-09;0.31
2018-04-10;0
2018-04-11;1.65
2018-04-12;1.53
2018-04-13;0.11
2018-04-14;0
2018-04-15;0.02
2018-04-16;0.02
2018-04-17;2.66
2018-04-18;1.42
2018-04-19;7.79
2018-04-20;9.04
2018-04-21;1.82
2018-04-22;7.77
2018-04-23;14.4
2018-04-24;2.46
2018-04-25;7.75
2018-04-26;1.79
2018-04-27;0.01
2018-04-28;0.05
2018-04-29;0
2018-04-30;0.02
2018-05-01;0
2018-05-02;0
2018-05-03;0
2018-05-04;0
2018-05-05;0
2018-05-06;0.27
2018-05-07;0.34
2018-05-08;0.02
2018-05-09;0
2018-05-10;0
2018-05-11;0
2018-05-12;0
2018-05-13;0.01
2018-05-14;0.01
2018-05-15;0.47
2018-05-16;0.29
2018-05-17;0.06
2018-05-18;0.22
2018-05-19;0.02
2018-05-20;0.2
2018-05-21;1.78
2018-05-22;1.24
2018-05-23;1.8
2018-05-24;1.11
2018-05-25;0.16
2018-05-26;0
2018-05-27;0
2018-05-28;0
2018-05-29;0.13
2018-05-30;0.02
2018-05-31;0
2018-06-01;15.05
2018-06-02;7.48
2018-06-03;0.17
2018-06-04;5.17
2018-06-05;2.78
2018-06-06;0.01
2018-06-07;0.63
2018-06-08;1.23
2018-06-09;0.37
2018-06-10;0
2018-06-11;0.04
2018-06-12;0.02
2018-06-13;0
2018-06-14;0
2018-06-15;0
2018-06-16;0
2018-06-17;0
2018-06-18;0
2018-06-19;0.34
2018-06-20;20.09
2018-06-21;11.79
2018-06-22;0.08
2018-06-23;0.03
2018-06-24;3.8
2018-06-25;1.74
2018-06-26;1.04
2018-06-27;0.19
2018-06-28;0
2018-06-29;0
2018-06-30;0
2018-07-01;0
2018-07-02;0
2018-07-03;0.16
2018-07-04;0.15
2018-07-05;0.01
2018-07-06;0
2018-07-07;0
2018-07-08;0
2018-07-09;0
2018-07-10;0
2018-07-11;0
2018-07-12;0
2018-07-13;0
2018-07-14;0.23
2018-07-15;0.04
2018-07-16;0.06
2018-07-17;0.03
2018-07-18;0
2018-07-19;0
2018-07-20;0
2018-07-21;0
2018-07-22;0.23
2018-07-23;0.04
2018-07-24;0
2018-07-25;0
2018-07-26;0
2018-07-27;0
2018-07-28;0
2018-07-29;0
2018-07-30;0
2018-07-31;0
2018-08-01;0.05
2018-08-02;0.03
2018-08-03;0.01
2018-08-04;0.03
2018-08-05;0.05
2018-08-06;0.07
2018-08-07;0.08
2018-08-08;0.02
2018-08-09;0
2018-08-10;0.11
2018-08-11;0.2
2018-08-12;0.03
2018-08-13;0
2018-08-14;0
2018-08-15;0
2018-08-16;0
2018-08-17;0
2018-08-18;0
2018-08-19;0
2018-08-20;0
2018-08-21;0.25
2018-08-22;0.04
2018-08-23;0.02
2018-08-24;0
2018-08-25;0.01
2018-08-26;0.02
2018-08-27;0.01
2018-08-28;0
2018-08-29;15.07
2018-08-30;3.56
2018-08-31;0
2018-09-01;0.91
2018-09-02;0.06
2018-09-03;0
2018-09-04;0
2018-09-05;0
2018-09-06;0.1
2018-09-07;0.04
2018-09-08;0.01
2018-09-09;0.01
2018-09-10;0
2018-09-11;0
2018-09-12;0
2018-09-13;0
2018-09-14;0
2018-09-15;0
2018-09-16;0
2018-09-17;0
2018-09-18;0
2018-09-19;0
2018-09-20;0
2018-09-21;0
2018-09-22;0.07
2018-09-23;0.04
2018-09-24;0
2018-09-25;0
2018-09-26;0
2018-09-27;0
2018-09-28;0
2018-09-29;0
2018-09-30;0
2018-10-01;0
2018-10-02;0.15
2018-10-03;0.42
2018-10-04;0.14
2018-10-05;0
2018-10-06;0
2018-10-07;0
2018-10-08;0
2018-10-09;0
2018-10-10;0
2018-10-11;0
2018-10-12;0
2018-10-13;0.46
2018-10-14;0.18
2018-10-15;1.98
2018-10-16;0.56
2018-10-17;0
2018-10-18;0
2018-10-19;0
2018-10-20;0.18
2018-10-21;0.2
2018-10-22;0.05
2018-10-23;0.72
2018-10-24;1.54
2018-10-25;0.04
2018-10-26;0
2018-10-27;0
2018-10-28;0
2018-10-29;0.45
2018-10-30;0.06
2018-10-31;5.45
2018-11-01;9.94
2018-11-02;0.02
2018-11-03;0.5
2018-11-04;0.14
2018-11-05;0.94
2018-11-06;1.24
2018-11-07;7.32
2018-11-08;11.27
2018-11-09;4.2
2018-11-10;1.46
2018-11-11;0.01
2018-11-12;8.6
2018-11-13;4.69
2018-11-14;0.88
2018-11-15;0.33
2018-11-16;0.28
2018-11-17;2.38
2018-11-18;7.66
2018-11-19;1.27
2018-11-20;8.81
2018-11-21;2.19
2018-11-22;0.79
2018-11-23;0.01
2018-11-24;7.75
2018-11-25;28.31
2018-11-26;24.53
2018-11-27;1.48
2018-11-28;12.48
2018-11-29;7.04
2018-11-30;17.82
2018-12-01;5.47
2018-12-02;29.81
2018-12-03;16.45
2018-12-04;3.75
2018-12-05;2.9
2018-12-06;0.67
2018-12-07;4.91
2018-12-08;3.91
2018-12-09;2.34
2018-12-10;0
2018-12-11;6.14
2018-12-12;23.26
2018-12-13;7.57
2018-12-14;2.77
2018-12-15;27.97
2018-12-16;0.16
2018-12-17;0
2018-12-18;17.85
2018-12-19;18.68
2018-12-20;9.87
2018-12-21;8.48
2018-12-22;38.82
2018-12-23;9.13
2018-12-24;1.43
2018-12-25;8.49
2018-12-26;10.92
2018-12-27;22.08
2018-12-28;2.42
2018-12-29;0.42
2018-12-30;0.08
2018-12-31;2.05
2019-01-01;1.65
2019-01-02;9.01
2019-01-03;22.98
2019-01-04;6.71
2019-01-05;1.05
2019-01-06;0.53
2019-01-07;10.97
2019-01-08;4.48
2019-01-09;1.37
2019-01-10;0.51
2019-01-11;1.56
2019-01-12;2.52
2019-01-13;3.21
2019-01-14;5.02
2019-01-15;14.85
2019-01-16;48.98
2019-01-17;61.95
2019-01-18;16.6
2019-01-19;40.63
2019-01-20;67.54
2019-01-21;18.22
2019-01-22;17.09
2019-01-23;17.37
2019-01-24;17.22
2019-01-25;9.69
2019-01-26;7.94
2019-01-27;19.95
2019-01-28;5.91
2019-01-29;0.8
2019-01-30;2.98
2019-01-31;13.62
2019-02-01;36.24
2019-02-02;88.29
2019-02-03;19.25
2019-02-04;35.39
2019-02-05;19.91
2019-02-06;28.33
2019-02-07;22.45
2019-02-08;10.08
2019-02-09;6.86
2019-02-10;8.98
2019-02-11;18.4
2019-02-12;10.44
2019-02-13;3.06
2019-02-14;4.05
2019-02-15;8.61
2019-02-16;6.29
2019-02-17;1.46
2019-02-18;0.29
2019-02-19;3.65
2019-02-20;7.63
2019-02-21;2.12
2019-02-22;2.24
2019-02-23;1.53
2019-02-24;0.46
2019-02-25;0.03
2019-02-26;0.06
2019-02-27;7.07
2019-02-28;26.16
2019-03-01;16.78
2019-03-02;10.4
2019-03-03;7.89
2019-03-04;1
2019-03-05;8.44
2019-03-06;5.43
2019-03-07;6.71
2019-03-08;0.34
2019-03-09;10.84
2019-03-10;1.32
2019-03-11;0.36
2019-03-12;4.1
2019-03-13;23.06
2019-03-14;8.29
2019-03-15;6.52
2019-03-16;12.53
2019-03-17;31.27
2019-03-18;19.38
2019-03-19;20.14
2019-03-20;4.78
2019-03-21;4.72
2019-03-22;2.77
2019-03-23;8.22
2019-03-24;3.71
2019-03-25;1.24
2019-03-26;1.8
2019-03-27;2.6
2019-03-28;6.76
2019-03-29;1.73
2019-03-30;1.02
2019-03-31;7.89
2019-04-01;30.74
2019-04-02;28.58
2019-04-03;2.09
2019-04-04;2.51
2019-04-05;3.23
2019-04-06;11.08
2019-04-07;10.06
2019-04-08;12.07
2019-04-09;7.86
2019-04-10;38.64
2019-04-11;16.96
2019-04-12;7.64
2019-04-13;8.37
2019-04-14;15.1
2019-04-15;4.46
2019-04-16;6.44
2019-04-17;0.77
2019-04-18;2.69
2019-04-19;0.18
2019-04-20;3.53
2019-04-21;0.46
2019-04-22;0.06
2019-04-23;0.05
2019-04-24;0.02
2019-04-25;1.36
2019-04-26;2.58
2019-04-27;2.87
2019-04-28;31.27
2019-04-29;26.04
2019-04-30;9.49
2019-05-01;20.21
2019-05-02;4.62
2019-05-03;0.51
2019-05-04;0.91
2019-05-05;2.73
2019-05-06;1.55
2019-05-07;0.45
2019-05-08;0.04
2019-05-09;1.19
2019-05-10;0.08
2019-05-11;0
2019-05-12;0.22
2019-05-13;0.02
2019-05-14;0
2019-05-15;0.55
2019-05-16;0.44
2019-05-17;0
2019-05-18;0
2019-05-19;0
2019-05-20;0
2019-05-21;0
2019-05-22;0
2019-05-23;0.35
2019-05-24;0.02
2019-05-25;0
2019-05-26;0
2019-05-27;0
2019-05-28;0.03
2019-05-29;0.09
2019-05-30;0.01
2019-05-31;0
2019-06-01;0
2019-06-02;0
2019-06-03;0
2019-06-04;0
2019-06-05;0
2019-06-06;0
2019-06-07;0
2019-06-08;0
2019-06-09;0.2
2019-06-10;0
2019-06-11;0
2019-06-12;0
2019-06-13;0.12
2019-06-14;1.13
2019-06-15;0.02
2019-06-16;0
2019-06-17;0
2019-06-18;0.01
2019-06-19;0.02
2019-06-20;0
2019-06-21;0
2019-06-22;0
2019-06-23;0
2019-06-24;0
2019-06-25;0
2019-06-26;0
2019-06-27;0
2019-06-28;0
2019-06-29;0
2019-06-30;0
2019-07-01;0
2019-07-02;0
2019-07-03;0.16
2019-07-04;0.56
2019-07-05;0.15
2019-07-06;0
2019-07-07;0
2019-07-08;0
2019-07-09;0
2019-07-10;0
2019-07-11;0
2019-07-12;0
2019-07-13;0
2019-07-14;0
2019-07-15;0
2019-07-16;0
2019-07-17;0
2019-07-18;0
2019-07-19;0
2019-07-20;0.01
2019-07-21;0
2019-07-22;0
2019-07-23;0
2019-07-24;0.01
2019-07-25;0.01
2019-07-26;0
2019-07-27;0.01
2019-07-28;0.01
2019-07-29;0
2019-07-30;0
2019-07-31;0
2019-08-01;0
2019-08-02;0
2019-08-03;0.14
2019-08-04;0.17
2019-08-05;0
2019-08-06;0
2019-08-07;0.02
2019-08-08;0.01
2019-08-09;0
2019-08-10;0
2019-08-11;0
2019-08-12;0
2019-08-13;0
2019-08-14;0
2019-08-15;0
2019-08-16;0
2019-08-17;0
2019-08-18;0
2019-08-19;0.02
2019-08-20;0.01
2019-08-21;0
2019-08-22;0
2019-08-23;0
2019-08-24;0
2019-08-25;0
2019-08-26;0
2019-08-27;0
2019-08-28;0
2019-08-29;0
2019-08-30;0
2019-08-31;12.16
2019-09-01;3.1
2019-09-02;0
2019-09-03;0
2019-09-04;0
2019-09-05;0
2019-09-06;0
2019-09-07;0
2019-09-08;0
2019-09-09;0
2019-09-10;0
2019-09-11;0
2019-09-12;0
2019-09-13;0.08
2019-09-14;0.17
2019-09-15;0.08
2019-09-16;0.1
2019-09-17;0
2019-09-18;0
2019-09-19;0
2019-09-20;0
2019-09-21;0
2019-09-22;0
2019-09-23;0
2019-09-24;0
2019-09-25;0
2019-09-26;0.5
2019-09-27;0.05
2019-09-28;1.65
2019-09-29;0.76
2019-09-30;10.64
2019-10-01;4.71
2019-10-02;0
2019-10-03;0
2019-10-04;0
2019-10-05;0
2019-10-06;0
2019-10-07;0
2019-10-08;0
2019-10-09;0
2019-10-10;0
2019-10-11;0
2019-10-12;0
2019-10-13;0
2019-10-14;0
2019-10-15;0
2019-10-16;0
2019-10-17;0
2019-10-18;0
2019-10-19;0.01
2019-10-20;0.02
2019-10-21;0
2019-10-22;0
2019-10-23;0
2019-10-24;0
2019-10-25;0
2019-10-26;0
2019-10-27;0
2019-10-28;0
2019-10-29;0
2019-10-30;0
2019-10-31;0.15
2019-11-01;0.18
2019-11-02;7.63
2019-11-03;3.12
2019-11-04;0.14
2019-11-05;0
2019-11-06;0
2019-11-07;0.19
2019-11-08;0.19
2019-11-09;0
2019-11-10;0
2019-11-11;0.12
2019-11-12;0.19
2019-11-13;1.59
2019-11-14;0.57
2019-11-15;0.11
2019-11-16;0
2019-11-17;0
2019-11-18;0
2019-11-19;0
2019-11-20;0
2019-11-21;0
2019-11-22;0
2019-11-23;0
2019-11-24;0
2019-11-25;0
2019-11-26;2.78
2019-11-27;5.11
2019-11-28;0
2019-11-29;1.21
2019-11-30;0.56
2019-12-01;0.07
2019-12-02;0.53
2019-12-03;1.1
2019-12-04;20.91
2019-12-05;2.9
2019-12-06;0.42
2019-12-07;0.07
2019-12-08;0.4
2019-12-09;9.21
2019-12-10;14.88
2019-12-11;1.43
2019-12-12;0
2019-12-13;3.65
2019-12-14;2.33
2019-12-15;8.23
2019-12-16;14.7
2019-12-17;5.31
2019-12-18;1.34
2019-12-19;0.24
2019-12-20;3.26
2019-12-21;2.81
2019-12-22;2.39
2019-12-23;10.68
2019-12-24;0.35
2019-12-25;25.75
2019-12-26;7.72
2019-12-27;14.73
2019-12-28;3.83
2019-12-29;1.28
2019-12-30;5.42
2019-12-31;7.06
2020-01-01;5.41
2020-01-02;2.11
2020-01-03;9.21
2020-01-04;2.33
2020-01-05;15.64
2020-01-06;42.8
2020-01-07;18.46
2020-01-08;18.92
2020-01-09;26.31
2020-01-10;15.51
2020-01-11;10.5
2020-01-12;0.67
2020-01-13;1.42
2020-01-14;0.17
2020-01-15;0.88
2020-01-16;1.4
2020-01-17;0.25
2020-01-18;10.1
2020-01-19;17.5
2020-01-20;16.51
2020-01-21;9.65
2020-01-22;2.28
2020-01-23;1.28
2020-01-24;2.99
2020-01-25;10.99
2020-01-26;2.42
2020-01-27;13.58
2020-01-28;2.33
2020-01-29;0.1
2020-01-30;11.17
2020-01-31;46.85
2020-02-01;33.35
2020-02-02;24.14
2020-02-03;2.11
2020-02-04;1.52
2020-02-05;2.84
2020-02-06;1.58
2020-02-07;21.82
2020-02-08;2.56
2020-02-09;0.38
2020-02-10;7.64
2020-02-11;14.36
2020-02-12;12.36
2020-02-13;1.44
2020-02-14;0.46
2020-02-15;3.14
2020-02-16;12.37
2020-02-17;42.17
2020-02-18;2.54
2020-02-19;6.89
2020-02-20;3.07
2020-02-21;21.02
2020-02-22;40.92
2020-02-23;18.81
2020-02-24;12
2020-02-25;48.97
2020-02-26;17.86
2020-02-27;19.53
2020-02-28;30.79
2020-02-29;30.88
2020-03-01;13.25
2020-03-02;7.88
2020-03-03;12.58
2020-03-04;19.75
2020-03-05;7.13
2020-03-06;11.03
2020-03-07;37.61
2020-03-08;27.9
2020-03-09;27.07
2020-03-10;0.56
2020-03-11;0.05
2020-03-12;0.01
2020-03-13;29.05
2020-03-14;4.63
2020-03-15;12.87
2020-03-16;14.63
2020-03-17;20.6
2020-03-18;4.55
2020-03-19;1.95
2020-03-20;0.81
2020-03-21;0.34
2020-03-22;0.89
2020-03-23;21.83
2020-03-24;1.05
2020-03-25;1.82
2020-03-26;0.36
2020-03-27;9.78
2020-03-28;18.73
2020-03-29;2.69
2020-03-30;0.6
2020-03-31;0.91
2020-04-01;1.21
2020-04-02;1.51
2020-04-03;1.46
2020-04-04;21.89
2020-04-05;50.7
2020-04-06;6.13
2020-04-07;4.42
2020-04-08;2.67
2020-04-09;9.37
2020-04-10;16.5
2020-04-11;18.38
2020-04-12;17.51
2020-04-13;41.08
2020-04-14;14.32
2020-04-15;5.62
2020-04-16;20.28
2020-04-17;11.37
2020-04-18;3.41
2020-04-19;3.64
2020-04-20;23.9
2020-04-21;26.42
2020-04-22;1.4
2020-04-23;0.31
2020-04-24;0.02
2020-04-25;2.08
2020-04-26;3.18
2020-04-27;0.06
2020-04-28;11.14
2020-04-29;16.49
2020-04-30;4.34
2020-05-01;0.79
2020-05-02;2.76
2020-05-03;2.72
2020-05-04;22.53
2020-05-05;3.73
2020-05-06;0.32
2020-05-07;0.16
2020-05-08;1.98
2020-05-09;8.57
2020-05-10;13.48
2020-05-11;9.85
2020-05-12;2.04
2020-05-13;0.5
2020-05-14;0.06
2020-05-15;0
2020-05-16;0.01
2020-05-17;0.35
2020-05-18;2.34
2020-05-19;4.97
2020-05-20;5.63
2020-05-21;10.49
2020-05-22;6.88
2020-05-23;1.91
2020-05-24;0.02
2020-05-25;25.94
2020-05-26;22.49
2020-05-27;22.62
2020-05-28;31.24
2020-05-29;13.12
2020-05-30;11.77
2020-05-31;6.88
2020-06-01;2.38
2020-06-02;1.27
2020-06-03;0.09
2020-06-04;0
2020-06-05;0.92
2020-06-06;0.11
2020-06-07;0.2
2020-06-08;0.07
2020-06-09;0.38
2020-06-10;0.01
2020-06-11;0.03
2020-06-12;0
2020-06-13;4.87
2020-06-14;16.25
2020-06-15;7.25
2020-06-16;0.89
2020-06-17;0.03
2020-06-18;0
2020-06-19;0.01
2020-06-20;0
2020-06-21;0.84
2020-06-22;0.22
2020-06-23;0.03
2020-06-24;0.64
2020-06-25;0.2
2020-06-26;0.01
2020-06-27;0.01
2020-06-28;0.01
2020-06-29;0.05
2020-06-30;0
2020-07-01;0.21
2020-07-02;3.19
2020-07-03;1.13
2020-07-04;0
2020-07-05;0.35
2020-07-06;5.18
2020-07-07;0.23
2020-07-08;0.12
2020-07-09;0.02
2020-07-10;0.54
2020-07-11;0.13
2020-07-12;0
2020-07-13;0
2020-07-14;0
2020-07-15;6.2
2020-07-16;0.26
2020-07-17;0.21
2020-07-18;0.27
2020-07-19;2.73
2020-07-20;0.42
2020-07-21;0.16
2020-07-22;0.03
2020-07-23;0
2020-07-24;0.1
2020-07-25;0.01
2020-07-26;0
2020-07-27;0.03
2020-07-28;0.03
2020-07-29;0
2020-07-30;0
2020-07-31;0
2020-08-01;0
2020-08-02;0
2020-08-03;0
2020-08-04;0
2020-08-05;0.68
2020-08-06;0.13
2020-08-07;0.07
2020-08-08;0.02
2020-08-09;0.61
2020-08-10;1.98
2020-08-11;14.21
2020-08-12;3.31
2020-08-13;0.55
2020-08-14;0.12
2020-08-15;1.94
2020-08-16;0.54
2020-08-17;0
2020-08-18;0.51
2020-08-19;0.14
2020-08-20;0.06
2020-08-21;0
2020-08-22;0
2020-08-23;0.01
2020-08-24;0
2020-08-25;0
2020-08-26;0
2020-08-27;0
2020-08-28;0.05
2020-08-29;0.53
2020-08-30;0.02
2020-08-31;0.01
2020-09-01;0.01
2020-09-02;0.27
2020-09-03;1.9
2020-09-04;0.91
2020-09-05;0.33
2020-09-06;0.1
2020-09-07;0.03
2020-09-08;0
2020-09-09;0
2020-09-10;0
2020-09-11;0
2020-09-12;0
2020-09-13;0
2020-09-14;0
2020-09-15;0
2020-09-16;0.21
2020-09-17;0.1
2020-09-18;0
2020-09-19;0
2020-09-20;0
2020-09-21;1.42
2020-09-22;1.31
2020-09-23;0.14
2020-09-24;0
2020-09-25;0.03
2020-09-26;0.61
2020-09-27;1.51
2020-09-28;0.6
2020-09-29;0.06
2020-09-30;0.04
2020-10-01;0.57
2020-10-02;0.73
2020-10-03;0.12
2020-10-04;0.1
2020-10-05;0.05
2020-10-06;0.08
2020-10-07;0.01
2020-10-08;0.01
2020-10-09;0.08
2020-10-10;6.21
2020-10-11;0.49
2020-10-12;4.8
2020-10-13;0.54
2020-10-14;3.42
2020-10-15;1.87
2020-10-16;0.26
2020-10-17;0.16
2020-10-18;0.33
2020-10-19;4.29
2020-10-20;3.11
2020-10-21;1.54
2020-10-22;6.09
2020-10-23;3.04
2020-10-24;4.82
2020-10-25;8.6
2020-10-26;5.35
2020-10-27;1.6
2020-10-28;0.47
2020-10-29;2.57
2020-10-30;7.18
2020-10-31;35.29
2020-11-01;9.63
2020-11-02;25.98
2020-11-03;5.24
2020-11-04;0.06
2020-11-05;0.57
2020-11-06;0.17
2020-11-07;0.1
2020-11-08;0.22
2020-11-09;13.12
2020-11-10;4.33
2020-11-11;7.48
2020-11-12;2.7
2020-11-13;0
2020-11-14;3.27
2020-11-15;4.15
2020-11-16;2.95
2020-11-17;1
2020-11-18;0.53
2020-11-19;1.24
2020-11-20;6.47
2020-11-21;1.57
2020-11-22;6.68
2020-11-23;3.27
2020-11-24;1.4
2020-11-25;0.13
2020-11-26;4.54
2020-11-27;6.89
2020-11-28;7.89
2020-11-29;15.85
2020-11-30;3.93
2020-12-01;2.05
2020-12-02;17.5
2020-12-03;20.47
2020-12-04;29.32
2020-12-05;59.62
2020-12-06;11.02
2020-12-07;17.6
2020-12-08;9.38
2020-12-09;13.24
2020-12-10;14.2
2020-12-11;12.26
2020-12-12;34.26
2020-12-13;24.63
2020-12-14;5.23
2020-12-15;21.17
2020-12-16;10.88
2020-12-17;23.08
2020-12-18;23.89
2020-12-19;17.87
2020-12-20;1.95
2020-12-21;3.1
2020-12-22;8.57
2020-12-23;1.04
2020-12-24;2.22
2020-12-25;2.24
2020-12-26;3.9
2020-12-27;47.82
2020-12-28;33.78
2020-12-29;18.72
2020-12-30;38.73
2020-12-31;15.2
2021-01-01;17.66
2021-01-02;19.98
2021-01-03;12.2
2021-01-04;13.65
2021-01-05;30.04
2021-01-06;14.13
2021-01-07;57.83
2021-01-08;8.83
2021-01-09;5.06
2021-01-10;9.38
2021-01-11;5.78
2021-01-12;1.87
2021-01-13;16.46
2021-01-14;0.85
2021-01-15;0.63
2021-01-16;3.57
2021-01-17;3.35
2021-01-18;11.57
2021-01-19;5.47
2021-01-20;14.28
2021-01-21;8.89
2021-01-22;26.7
2021-01-23;21.64
2021-01-24;34.69
2021-01-25;17.02
2021-01-26;16.17
2021-01-27;34.32
2021-01-28;19.1
2021-01-29;5.78
2021-01-30;5.57
2021-01-31;21.17
2021-02-01;4.95
2021-02-02;6.82
2021-02-03;12.93
2021-02-04;28.55
2021-02-05;16.33
2021-02-06;13.47
2021-02-07;5.21
2021-02-08;33.85
2021-02-09;9.37
2021-02-10;20.65
2021-02-11;4.33
2021-02-12;14.61
2021-02-13;19.21
2021-02-14;19.41
2021-02-15;22.32
2021-02-16;41.16
2021-02-17;31.95
2021-02-18;0.43
2021-02-19;2.24
2021-02-20;11.92
2021-02-21;13.35
2021-02-22;2.57
2021-02-23;35.77
2021-02-24;19.24
2021-02-25;24.59
2021-02-26;25.83
2021-02-27;57.12
2021-02-28;5.36
2021-03-01;22.12
2021-03-02;27.67
2021-03-03;5.36
2021-03-04;9.39
2021-03-05;25.9
2021-03-06;28.96
2021-03-07;5.96
2021-03-08;1.69
2021-03-09;2.19
2021-03-10;1.11
2021-03-11;1.23
2021-03-12;6.48
2021-03-13;13.83
2021-03-14;1.96
2021-03-15;4.05
2021-03-16;3.35
2021-03-17;14.82
2021-03-18;19.43
2021-03-19;23.59
2021-03-20;3.15
2021-03-21;35.54
2021-03-22;8.13
2021-03-23;15.95
2021-03-24;11.45
2021-03-25;4.04
2021-03-26;0.22
2021-03-27;9.54
2021-03-28;0.95
2021-03-29;2.37
2021-03-30;4.46
2021-03-31;3.07
2021-04-01;8.04
2021-04-02;2.39
2021-04-03;3.79
2021-04-04;14.37
2021-04-05;1.37
2021-04-06;18.15
2021-04-07;13.67
2021-04-08;6.35
2021-04-09;0.95
2021-04-10;1.41
2021-04-11;1.57
2021-04-12;1.59
2021-04-13;0.32
2021-04-14;0.02
2021-04-15;0
2021-04-16;0.06
2021-04-17;0.46
2021-04-18;0.32
2021-04-19;0.64
2021-04-20;0
2021-04-21;0
2021-04-22;0
2021-04-23;0
2021-04-24;10.18
2021-04-25;6.14
2021-04-26;0
2021-04-27;0.4
2021-04-28;7.59
2021-04-29;1.3
2021-04-30;0.43
2021-05-01;2.84
2021-05-02;4.55
2021-05-03;3.51
2021-05-04;0.02
2021-05-05;0.07
2021-05-06;0.1
2021-05-07;9.36
2021-05-08;4.64
2021-05-09;0
2021-05-10;0
2021-05-11;0.95
2021-05-12;0.32
2021-05-13;0
2021-05-14;0
2021-05-15;0.25
2021-05-16;0.18
2021-05-17;2.88
2021-05-18;8.98
2021-05-19;5.57
2021-05-20;0.75
2021-05-21;0.13
2021-05-22;0.77
2021-05-23;1.34
2021-05-24;0.55
2021-05-25;0.23
2021-05-26;0
2021-05-27;0.51
2021-05-28;4.96
2021-05-29;0.99
2021-05-30;0.84
2021-05-31;0.73
2021-06-01;2.34
2021-06-02;0.5
2021-06-03;0.43
2021-06-04;0.78
2021-06-05;0.4
2021-06-06;0
2021-06-07;0.45
2021-06-08;1.33
2021-06-09;3.46
2021-06-10;4.59
2021-06-11;4.93
2021-06-12;1.65
2021-06-13;0.07
2021-06-14;2.11
2021-06-15;3
2021-06-16;9.08
2021-06-17;11.97
2021-06-18;0.52
2021-06-19;1.05
2021-06-20;2.7
2021-06-21;2.22
2021-06-22;0.7
2021-06-23;17.23
2021-06-24;34.92
2021-06-25;3.45
2021-06-26;0.07
2021-06-27;3.28
2021-06-28;18.5
2021-06-29;3.65
2021-06-30;0.85
2021-07-01;0.09
2021-07-02;0
2021-07-03;0
2021-07-04;0
2021-07-05;0
2021-07-06;0
2021-07-07;0.01
2021-07-08;3.15
2021-07-09;4.6
2021-07-10;0.41
2021-07-11;0
2021-07-12;0
2021-07-13;0
2021-07-14;0
2021-07-15;0
2021-07-16;0
2021-07-17;0.13
2021-07-18;0.03
2021-07-19;0
2021-07-20;0
2021-07-21;0
2021-07-22;0
2021-07-23;0.23
2021-07-24;0.01
2021-07-25;0
2021-07-26;0
2021-07-27;0
2021-07-28;0
2021-07-29;0
2021-07-30;0
2021-07-31;0.65
2021-08-01;0.22
2021-08-02;3.76
2021-08-03;1.09
2021-08-04;0.02
2021-08-05;0
2021-08-06;0
2021-08-07;0
2021-08-08;0
2021-08-09;0
2021-08-10;0
2021-08-11;0
2021-08-12;0.06
2021-08-13;1.03
2021-08-14;0.27
2021-08-15;0.61
2021-08-16;0.23
2021-08-17;0.02
2021-08-18;0.45
2021-08-19;0.89
2021-08-20;0.08
2021-08-21;0
2021-08-22;0
2021-08-23;0
2021-08-24;0
2021-08-25;0
2021-08-26;0
2021-08-27;0
2021-08-28;0.14
2021-08-29;0.07
2021-08-30;0.02
2021-08-31;0
2021-09-01;0
2021-09-02;0
2021-09-03;0
2021-09-04;0.04
2021-09-05;0.01
2021-09-06;0.36
2021-09-07;4.24
2021-09-08;1.08
2021-09-09;0.07
2021-09-10;0
2021-09-11;8.43
2021-09-12;6.68
2021-09-13;2.7
2021-09-14;31.88
2021-09-15;2.2
2021-09-16;0.69
2021-09-17;0.13
2021-09-18;0
2021-09-19;0
2021-09-20;0.87
2021-09-21;2.03
2021-09-22;3.15
2021-09-23;1.74
2021-09-24;0.67
2021-09-25;0.57
2021-09-26;2.1
2021-09-27;1.93
2021-09-28;0.68
2021-09-29;0
2021-09-30;0.32
2021-10-01;0.48
2021-10-02;0
2021-10-03;0.77
2021-10-04;7.23
2021-10-05;1.85
2021-10-06;2.71
2021-10-07;0.26
2021-10-08;0.39
2021-10-09;0.06
2021-10-10;0
2021-10-11;0
2021-10-12;0
2021-10-13;0
2021-10-14;0
2021-10-15;0
2021-10-16;1.08
2021-10-17;1.88
2021-10-18;3.65
2021-10-19;1.97
2021-10-20;0.36
2021-10-21;0.69
2021-10-22;0.87
2021-10-23;0.37
2021-10-24;0.01
2021-10-25;2.78
2021-10-26;1.7
2021-10-27;0.7
2021-10-28;2.27
2021-10-29;0.32
2021-10-30;1.07
2021-10-31;2.44
2021-11-01;5.38
2021-11-02;1.92
2021-11-03;0.24
2021-11-04;11.9
2021-11-05;5.54
2021-11-06;1.35
2021-11-07;0.47
2021-11-08;0.62
2021-11-09;0.74
2021-11-10;7.11
2021-11-11;23.71
2021-11-12;20.89
2021-11-13;15.87
2021-11-14;34.8
2021-11-15;9.36
2021-11-16;6.25
2021-11-17;3.44
2021-11-18;0.95
2021-11-19;6.96
2021-11-20;14.81
2021-11-21;5.21
2021-11-22;0.84
2021-11-23;12.95
2021-11-24;10.23
2021-11-25;0.38
2021-11-26;17.54
2021-11-27;2.33
2021-11-28;44.53
2021-11-29;16.6
2021-11-30;26.01
2021-12-01;19.57
2021-12-02;14.94
2021-12-03;17.56
2021-12-04;5.55
2021-12-05;4.53
2021-12-06;7.58
2021-12-07;3.17
2021-12-08;16.26
2021-12-09;23.88
2021-12-10;8.98
2021-12-11;14.88
2021-12-12;22.1
2021-12-13;13.95
2021-12-14;36.14
2021-12-15;20.3
2021-12-16;0.29
2021-12-17;0.67
2021-12-18;0.11
2021-12-19;6.87
2021-12-20;10.96
2021-12-21;12.69
2021-12-22;0.61
2021-12-23;5.28
2021-12-24;1.73
2021-12-25;14.87
2021-12-26;19.17
2021-12-27;28.19
2021-12-28;21.75
2021-12-29;6.84
2021-12-30;35.53
2021-12-31;32.76
2022-01-01;7.94
2022-01-02;21.95
2022-01-03;14.6
2022-01-04;7.64
2022-01-05;1.12
2022-01-06;9.6
2022-01-07;39.13
2022-01-08;3.96
2022-01-09;9.39
2022-01-10;4.92
2022-01-11;24.54
2022-01-12;5.7
2022-01-13;1.85
2022-01-14;0.74
2022-01-15;1.1
2022-01-16;2.25
2022-01-17;3.59
2022-01-18;18.2
2022-01-19;22.11
2022-01-20;28.92
2022-01-21;10.13
2022-01-22;5.31
2022-01-23;0.53
2022-01-24;0.04
2022-01-25;1.59
2022-01-26;2.16
2022-01-27;1.76
2022-01-28;13.64
2022-01-29;27.85
2022-01-30;22.94
2022-01-31;6.07
2022-02-01;4.42
2022-02-02;3.83
2022-02-03;6.02
2022-02-04;17.96
2022-02-05;2.68
2022-02-06;13.31
2022-02-07;9.39
2022-02-08;3.5
2022-02-09;24.28
2022-02-10;8.72
2022-02-11;10.64
2022-02-12;17.43
2022-02-13;12.74
2022-02-14;4.43
2022-02-15;0.39
2022-02-16;2.2
2022-02-17;7.57
2022-02-18;14.58
2022-02-19;0.17
2022-02-20;2.27
2022-02-21;17.43
2022-02-22;10.72
2022-02-23;28.74
2022-02-24;20.85
2022-02-25;29.26
2022-02-26;8.52
2022-02-27;8.86
2022-02-28;16.98
2022-03-01;4.93
2022-03-02;3.27
2022-03-03;1.21
2022-03-04;11.8
2022-03-05;22
2022-03-06;17.28
2022-03-07;24.98
2022-03-08;11.23
2022-03-09;9.15
2022-03-10;25.43
2022-03-11;10.75
2022-03-12;5.4
2022-03-13;28.4
2022-03-14;8.33
2022-03-15;2.32
2022-03-16;8.84
2022-03-17;0.02
2022-03-18;0.27
2022-03-19;19.72
2022-03-20;25.93
2022-03-21;12.97
2022-03-22;17.42
2022-03-23;3.09
2022-03-24;0.74
2022-03-25;20.73
2022-03-26;11.93
2022-03-27;19.25
2022-03-28;7.8
2022-03-29;6.45
2022-03-30;4.04
2022-03-31;1.56
2022-04-01;16.29
2022-04-02;1.61
2022-04-03;20.69
2022-04-04;21.33
2022-04-05;0.95
2022-04-06;0.43
2022-04-07;0.25
2022-04-08;0.07
2022-04-09;1.69
2022-04-10;0.7
2022-04-11;1.85
2022-04-12;0.24
2022-04-13;0.5
2022-04-14;0.11
2022-04-15;0
2022-04-16;0
2022-04-17;1.76
2022-04-18;1.27
2022-04-19;28.61
2022-04-20;4.61
2022-04-21;2.77
2022-04-22;0.34
2022-04-23;3.21
2022-04-24;2.42
2022-04-25;9.88
2022-04-26;8.73
2022-04-27;8.15
2022-04-28;9.91
2022-04-29;9.64
2022-04-30;5.73
2022-05-01;2.91
2022-05-02;4.08
2022-05-03;5.04
2022-05-04;2.9
2022-05-05;0.1
2022-05-06;2.84
2022-05-07;8.28
2022-05-08;13.74
2022-05-09;11.39
2022-05-10;20.99
2022-05-11;15.95
2022-05-12;0.14
2022-05-13;7.47
2022-05-14;26.53
2022-05-15;6.23
2022-05-16;0.47
2022-05-17;1.57
2022-05-18;4.97
2022-05-19;4.5
2022-05-20;34.65
2022-05-21;13.16
2022-05-22;4.51
2022-05-23;1.32
2022-05-24;4.51
2022-05-25;10.7
2022-05-26;20.05
2022-05-27;11.64
2022-05-28;5.63
2022-05-29;11.04
2022-05-30;1.88
2022-05-31;8.52
2022-06-01;5.08
2022-06-02;0.54
2022-06-03;0.32
2022-06-04;1.74
2022-06-05;13.3
2022-06-06;9.98
2022-06-07;1.14
2022-06-08;2.77
2022-06-09;4.17
2022-06-10;2.9
2022-06-11;6.04
2022-06-12;24.39
2022-06-13;17.36
2022-06-14;5.65
2022-06-15;9.67
2022-06-16;7.49
2022-06-17;5.52
2022-06-18;1.46
2022-06-19;2.84
2022-06-20;2.48
2022-06-21;0.83
2022-06-22;0
2022-06-23;11.18
2022-06-24;2.02
2022-06-25;3.56
2022-06-26;4.22
2022-06-27;2.63
2022-06-28;0.43
2022-06-29;0.01
2022-06-30;0
2022-07-01;5.94
2022-07-02;14.05
2022-07-03;2.53
2022-07-04;11.12
2022-07-05;17.11
2022-07-06;16.92
2022-07-07;0.24
2022-07-08;0.1
2022-07-09;0.01
2022-07-10;0.44
2022-07-11;0.61
2022-07-12;0.76
2022-07-13;2.46
2022-07-14;2.57
2022-07-15;3.19
2022-07-16;2.33
2022-07-17;1.69
2022-07-18;0.26
2022-07-19;0.05
2022-07-20;0
2022-07-21;0.23
2022-07-22;0.05
2022-07-23;0.02
2022-07-24;0
2022-07-25;0
2022-07-26;0
2022-07-27;0
2022-07-28;0
2022-07-29;0.08
2022-07-30;0.19
2022-07-31;0
2022-08-01;0
2022-08-02;3.5
2022-08-03;0.27
2022-08-04;0.01
2022-08-05;0.01
2022-08-06;0.02
2022-08-07;0.11
2022-08-08;0.02
2022-08-09;0.01
2022-08-10;1.03
2022-08-11;0.52
2022-08-12;0.32
2022-08-13;8.56
2022-08-14;6.45
2022-08-15;0.51
2022-08-16;0.51
2022-08-17;0.01
2022-08-18;0
2022-08-19;0
2022-08-20;0.08
2022-08-21;0.14
2022-08-22;0
2022-08-23;0
2022-08-24;0
2022-08-25;0
2022-08-26;0
2022-08-27;0.04
2022-08-28;0
2022-08-29;0.02
2022-08-30;0.25
2022-08-31;0.37
2022-09-01;0.02
2022-09-02;0
2022-09-03;0.23
2022-09-04;0.2
2022-09-05;0.1
2022-09-06;0.44
2022-09-07;0.99
2022-09-08;0.3
2022-09-09;0.52
2022-09-10;1.09
2022-09-11;0.16
2022-09-12;0
2022-09-13;0.34
2022-09-14;0.12
2022-09-15;0.72
2022-09-16;1
2022-09-17;0.03
2022-09-18;0
2022-09-19;0.32
2022-09-20;0.17
2022-09-21;0.47
2022-09-22;0.61
2022-09-23;0.24
2022-09-24;0
2022-09-25;0
2022-09-26;0
2022-09-27;0
2022-09-28;0
2022-09-29;30.84
2022-09-30;45.88
2022-10-01;3.58
2022-10-02;7.15
2022-10-03;27.17
2022-10-04;6.5
2022-10-05;0.57
2022-10-06;0.83
2022-10-07;22.52
2022-10-08;8.76
2022-10-09;3.47
2022-10-10;5.79
2022-10-11;8.02
2022-10-12;2.3
2022-10-13;10.96
2022-10-14;14.55
2022-10-15;13.92
2022-10-16;1.08
2022-10-17;2.38
2022-10-18;10.66
2022-10-19;4.65
2022-10-20;4.96
2022-10-21;27.63
2022-10-22;1.62
2022-10-23;24.21
2022-10-24;5.82
2022-10-25;8.52
2022-10-26;9.03
2022-10-27;1.88
2022-10-28;0.03
2022-10-29;0.03
2022-10-30;0.12
2022-10-31;6
2022-11-01;4.76
2022-11-02;15.93
2022-11-03;11.17
2022-11-04;13.42
2022-11-05;1.09
2022-11-06;2.46
2022-11-07;4.68
2022-11-08;17.97
2022-11-09;25.89
2022-11-10;2.24
2022-11-11;6.52
2022-11-12;2.09
2022-11-13;2.25
2022-11-14;5.14
2022-11-15;9.15
2022-11-16;6.27
2022-11-17;0.87
2022-11-18;26.56
2022-11-19;18.25
2022-11-20;13.14
2022-11-21;5.8
2022-11-22;10.82
2022-11-23;6.88
2022-11-24;23.41
2022-11-25;11.57
2022-11-26;3.67
2022-11-27;1.73
2022-11-28;15.46
2022-11-29;17.46
2022-11-30;10.44
2022-12-01;25.6
2022-12-02;12.85
2022-12-03;0.27
2022-12-04;7.33
2022-12-05;3.84
2022-12-06;0.61
2022-12-07;0.36
2022-12-08;0.03
2022-12-09;30.31
2022-12-10;5.63
2022-12-11;0.55
2022-12-12;1.16
2022-12-13;1.56
2022-12-14;0.26
2022-12-15;0.76
2022-12-16;10.13
2022-12-17;6.41
2022-12-18;7.82
2022-12-19;5.76
2022-12-20;8.77
2022-12-21;16.92
2022-12-22;4.23
2022-12-23;7.22
2022-12-24;2.28
2022-12-25;2.9
2022-12-26;6.82
2022-12-27;6.3
2022-12-28;4.66
2022-12-29;7.59
2022-12-30;15.69
2022-12-31;27.59
2023-01-01;11.82
2023-01-02;0.98
2023-01-03;0.94
2023-01-04;0.64
2023-01-05;0.82
2023-01-06;5.85
2023-01-07;5.01
2023-01-08;11.25
2023-01-09;8.29
2023-01-10;2.58
2023-01-11;9.4
2023-01-12;2.71
2023-01-13;12.81
2023-01-14;9.11
2023-01-15;8.94
2023-01-16;3.11
2023-01-17;12.27
2023-01-18;9.11
2023-01-19;27.94
2023-01-20;13.31
2023-01-21;17.36
2023-01-22;36.89
2023-01-23;4.38
2023-01-24;5.45
2023-01-25;16.28
2023-01-26;15.09
2023-01-27;17.17
2023-01-28;17.85
2023-01-29;14.26
2023-01-30;2.08
2023-01-31;11.19
2023-02-01;3.67
2023-02-02;0.32
2023-02-03;0
2023-02-04;2.71
2023-02-05;1.53
2023-02-06;11.07
2023-02-07;14.06
2023-02-08;13.16
2023-02-09;29.22
2023-02-10;20.79
2023-02-11;18.57
2023-02-12;10.27
2023-02-13;21.39
2023-02-14;15.1
2023-02-15;21.5
2023-02-16;32.94
2023-02-17;43.64
2023-02-18;44.19
2023-02-19;39.3
2023-02-20;13.03
2023-02-21;64.84
2023-02-22;19.91
2023-02-23;5.05
2023-02-24;3.18
2023-02-25;2.87
2023-02-26;11.07
2023-02-27;18.39
2023-02-28;4.47
2023-03-01;10.7
2023-03-02;20.51
2023-03-03;1.88
2023-03-04;4.72
2023-03-05;29.17
2023-03-06;6.97
2023-03-07;0.14
2023-03-08;26.16
2023-03-09;5.27
2023-03-10;0.03
2023-03-11;0.58
2023-03-12;0.85
2023-03-13;4.86
2023-03-14;4.44
2023-03-15;2.04
2023-03-16;0.11
2023-03-17;0
2023-03-18;0.66
2023-03-19;2.31
2023-03-20;2.14
2023-03-21;17.17
2023-03-22;7.64
2023-03-23;1.42
2023-03-24;3.05
2023-03-25;6.45
2023-03-26;7.7
2023-03-27;5.15
2023-03-28;2.09
2023-03-29;6.42
2023-03-30;7.7
2023-03-31;15.92
2023-04-01;5.54
2023-04-02;2.39
2023-04-03;1.2
2023-04-04;0.79
2023-04-05;0.49
2023-04-06;7.88
2023-04-07;12.24
2023-04-08;27.1
2023-04-09;43.58
2023-04-10;27.83
2023-04-11;9.64
2023-04-12;10.87
2023-04-13;13.43
2023-04-14;6.44
2023-04-15;12.97
2023-04-16;8.79
2023-04-17;7.17
2023-04-18;0.17
2023-04-19;0.8
2023-04-20;1.58
2023-04-21;22.25
2023-04-22;6.82
2023-04-23;6.81
2023-04-24;4.36
2023-04-25;2.82
2023-04-26;1.48
2023-04-27;0.75
2023-04-28;21.92
2023-04-29;14.8
2023-04-30;1.32
2023-05-01;2.17
2023-05-02;9.18
2023-05-03;24.72
2023-05-04;7.63
2023-05-05;0.67
2023-05-06;1.28
2023-05-07;1.05
2023-05-08;0.13
2023-05-09;1.46
2023-05-10;3.15
2023-05-11;5.45
2023-05-12;0.81
2023-05-13;0
2023-05-14;0
2023-05-15;0
2023-05-16;0
2023-05-17;0
2023-05-18;0
2023-05-19;1.8
2023-05-20;1.31
2023-05-21;0
2023-05-22;0
2023-05-23;0
2023-05-24;0
2023-05-25;0.12
2023-05-26;0.01
2023-05-27;0
2023-05-28;0
2023-05-29;0
2023-05-30;0
2023-05-31;0
2023-06-01;0
2023-06-02;0
2023-06-03;0
2023-06-04;0.05
2023-06-05;0.03
2023-06-06;3.36
2023-06-07;2.29
2023-06-08;0.31
2023-06-09;0
2023-06-10;0.03
2023-06-11;2.53
2023-06-12;1.15
2023-06-13;0.04
2023-06-14;0
2023-06-15;0
2023-06-16;0
2023-06-17;0
2023-06-18;0
2023-06-19;0.4
2023-06-20;0.31
2023-06-21;0
2023-06-22;0
2023-06-23;0
2023-06-24;0.08
2023-06-25;0.77
2023-06-26;0.63
2023-06-27;0
2023-06-28;0
2023-06-29;0
2023-06-30;0.03
2023-07-01;0.87
2023-07-02;3.92
2023-07-03;0.61
2023-07-04;17.87
2023-07-05;5.78
2023-07-06;2.64
2023-07-07;17.27
2023-07-08;4.16
2023-07-09;0.15
2023-07-10;0.14
2023-07-11;0.01
2023-07-12;0.01
2023-07-13;0.48
2023-07-14;0.2
2023-07-15;0
2023-07-16;0
2023-07-17;0
2023-07-18;0
2023-07-19;0
2023-07-20;0
2023-07-21;0
2023-07-22;0
2023-07-23;0.01
2023-07-24;0
2023-07-25;0
2023-07-26;0
2023-07-27;0
2023-07-28;0
2023-07-29;0
2023-07-30;0.02
2023-07-31;0.01
2023-08-01;0
2023-08-02;0
2023-08-03;0
2023-08-04;0
2023-08-05;0.16
2023-08-06;0.06
2023-08-07;0.83
2023-08-08;0.12
2023-08-09;0
2023-08-10;0
2023-08-11;0
2023-08-12;0.15
2023-08-13;0.17
2023-08-14;0.01
2023-08-15;0
2023-08-16;0
2023-08-17;0.03
2023-08-18;0.01
2023-08-19;0
2023-08-20;0.02
2023-08-21;0.04
2023-08-22;0.01
2023-08-23;0
2023-08-24;0
2023-08-25;0
2023-08-26;0
2023-08-27;0.02
2023-08-28;0.01
2023-08-29;0
2023-08-30;0
2023-08-31;0
2023-09-01;0
2023-09-02;0
2023-09-03;0
2023-09-04;0
2023-09-05;0
2023-09-06;0
2023-09-07;0
2023-09-08;0
2023-09-09;0
2023-09-10;0
2023-09-11;0
2023-09-12;0
2023-09-13;0.04
2023-09-14;0.2
2023-09-15;0.28
2023-09-16;0.05
2023-09-17;0.18
2023-09-18;0.18
2023-09-19;0
2023-09-20;0
2023-09-21;0
2023-09-22;0
2023-09-23;0
2023-09-24;0
2023-09-25;0
2023-09-26;0
2023-09-27;0
2023-09-28;0
2023-09-29;0
2023-09-30;0
2023-10-01;0
2023-10-02;0
2023-10-03;0
2023-10-04;0
2023-10-05;0
2023-10-06;0
2023-10-07;0
2023-10-08;0
2023-10-09;0
2023-10-10;0.07
2023-10-11;0.12
2023-10-12;0
2023-10-13;0.6
2023-10-14;0.13
2023-10-15;0
2023-10-16;0
2023-10-17;0
2023-10-18;0
2023-10-19;0
2023-10-20;0
2023-10-21;0
2023-10-22;0
2023-10-23;0.03
2023-10-24;0.3
2023-10-25;0.05
2023-10-26;0.02
2023-10-27;0
2023-10-28;0
2023-10-29;0
2023-10-30;0
2023-10-31;0.36
2023-11-01;0.02
2023-11-02;0
2023-11-03;0.8
2023-11-04;11.51
2023-11-05;4.5
2023-11-06;0
2023-11-07;0
2023-11-08;0
2023-11-09;2.16
2023-11-10;3.44
2023-11-11;0.36
2023-11-12;0.58
2023-11-13;0.96
2023-11-14;2.28
2023-11-15;1.78
2023-11-16;1.58
2023-11-17;1.22
2023-11-18;0.03
2023-11-19;0.01
2023-11-20;0.92
2023-11-21;0.52
2023-11-22;0.59
2023-11-23;0.51
2023-11-24;2.33
2023-11-25;2.04
2023-11-26;1.28
2023-11-27;8.64
2023-11-28;18.37
2023-11-29;3.06
2023-11-30;2.33
2023-12-01;318.68
2023-12-02;17.54
2023-12-03;8.5
2023-12-04;290.82
2023-12-05;80.13
2023-12-06;0.86
2023-12-07;16.14
2023-12-08;16.05
2023-12-09;13.9
2023-12-10;15.99
2023-12-11;3.87
2023-12-12;1.06
2023-12-13;20.46
2023-12-14;12.99
2023-12-15;14.92
2023-12-16;7.2
2023-12-17;0.14
2023-12-18;0.08
2023-12-19;0
2023-12-20;0
2023-12-21;0.31
2023-12-22;0.08
2023-12-23;0.01
2023-12-24;1.08
2023-12-25;21.41
2023-12-26;1.73
2023-12-27;0.27
2023-12-28;1.49
2023-12-29;13.13
2023-12-30;6.47
2023-12-31;1.38
2024-01-01;7.4
2024-01-02;6.4
2024-01-03;2.77
2024-01-04;1.91
2024-01-05;0.13
2024-01-06;1.48
2024-01-07;1.66
2024-01-08;30.47
2024-01-09;16.27
2024-01-10;8.28
2024-01-11;1.97
2024-01-12;0.59
2024-01-13;0.96
2024-01-14;0.81
2024-01-15;5.51
2024-01-16;27.79
2024-01-17;30.69
2024-01-18;24.41
2024-01-19;24.51
2024-01-20;2.61
2024-01-21;4.76
2024-01-22;13.43
2024-01-23;2.55
2024-01-24;2.4
2024-01-25;1.99
2024-01-26;2.51
2024-01-27;1.39
2024-01-28;1.18
2024-01-29;31.06
2024-01-30;17.36
2024-01-31;26.14
2024-02-01;14.65
2024-02-02;8.45
2024-02-03;8.64
2024-02-04;11.66
2024-02-05;68.12
2024-02-06;41.36
2024-02-07;22.35
2024-02-08;1.07
2024-02-09;6.84
2024-02-10;20.05
2024-02-11;56.23
2024-02-12;8.81
2024-02-13;7.76
2024-02-14;3.62
2024-02-15;0.32
2024-02-16;0.19
2024-02-17;10.58
2024-02-18;9.83
2024-02-19;9.1
2024-02-20;1.79
2024-02-21;13.75
2024-02-22;12.88
2024-02-23;3.16
2024-02-24;1.35
2024-02-25;2.88
2024-02-26;29.88
2024-02-27;1.38
2024-02-28;19.48
2024-02-29;11.33
2024-03-01;7.43
2024-03-02;2.63
2024-03-03;0.31
2024-03-04;3.43
2024-03-05;1.14
2024-03-06;5.21
2024-03-07;3.47
2024-03-08;13.69
2024-03-09;22.07
2024-03-10;3.55
2024-03-11;8.64
2024-03-12;10.49
2024-03-13;22.64
2024-03-14;13.48
2024-03-15;5.68
2024-03-16;4.14
2024-03-17;2.45
2024-03-18;2.4
2024-03-19;1.33
2024-03-20;0.6
2024-03-21;0.33
2024-03-22;0.21
2024-03-23;0.13
2024-03-24;0.49
2024-03-25;0.45
2024-03-26;1.19
2024-03-27;0.33
2024-03-28;1.41
2024-03-29;0.35
2024-03-30;3.21
2024-03-31;2.86
2024-04-01;1.99
2024-04-02;6.46
2024-04-03;4.05
2024-04-04;26.87
2024-04-05;81.02
2024-04-06;2.16
2024-04-07;29.89
2024-04-08;20.52
2024-04-09;17.34
2024-04-10;2.96
2024-04-11;1.54
2024-04-12;2
2024-04-13;3.12
2024-04-14;10.73
2024-04-15;7.81
2024-04-16;2.22
2024-04-17;1.76
2024-04-18;3.95
2024-04-19;0.55
2024-04-20;13.25
2024-04-21;7.66
2024-04-22;2.46
2024-04-23;4.46
2024-04-24;5.37
2024-04-25;9.53
2024-04-26;4.08
2024-04-27;1.59
2024-04-28;0.31
2024-04-29;0.18
2024-04-30;0.19
2024-05-01;0.04
2024-05-02;0.7
2024-05-03;0.06
2024-05-04;0.48
2024-05-05;0.16
2024-05-06;0
2024-05-07;0.06
2024-05-08;3.05
2024-05-09;1.57
2024-05-10;0.47
2024-05-11;0.18
2024-05-12;0
2024-05-13;0
2024-05-14;0
2024-05-15;0
2024-05-16;0.01
2024-05-17;0.05
2024-05-18;0.01
2024-05-19;0.03
2024-05-20;0.01
2024-05-21;0
2024-05-22;0
2024-05-23;0.27
2024-05-24;2.04
2024-05-25;1.08
2024-05-26;0.01
2024-05-27;0.03
2024-05-28;0.01
2024-05-29;0.13
2024-05-30;0.12
2024-05-31;0.03
2024-06-01;0.35
2024-06-02;4.29
2024-06-03;5.74
2024-06-04;0.93
2024-06-05;0.03
2024-06-06;0.15
2024-06-07;0.74
2024-06-08;3.76
2024-06-09;3.01
2024-06-10;0.21
2024-06-11;0.17
2024-06-12;3.05
2024-06-13;2.4
2024-06-14;6.08
2024-06-15;12.16
2024-06-16;0.98
2024-06-17;0.45
2024-06-18;0.02
2024-06-19;0
2024-06-20;0
2024-06-21;0
2024-06-22;0
2024-06-23;0.29
2024-06-24;0.24
2024-06-25;3.76
2024-06-26;0.92
2024-06-27;6.58
2024-06-28;13.3
2024-06-29;1.24
2024-06-30;0.4
2024-07-01;1.01
2024-07-02;14.55
2024-07-03;5.48
2024-07-04;2.41
2024-07-05;0.02
2024-07-06;0.5
2024-07-07;0.52
2024-07-08;0
2024-07-09;0
2024-07-10;0
2024-07-11;0
2024-07-12;0
2024-07-13;0
2024-07-14;0
2024-07-15;0
2024-07-16;0
2024-07-17;0
2024-07-18;0
2024-07-19;0
2024-07-20;0
2024-07-21;0
2024-07-22;0
2024-07-23;0.07
2024-07-24;0.01
2024-07-25;0
2024-07-26;0
2024-07-27;0
2024-07-28;0
2024-07-29;0
2024-07-30;0.1
2024-07-31;1.07
2024-08-01;1.66
2024-08-02;0.79
2024-08-03;0.06
2024-08-04;0
2024-08-05;0
2024-08-06;0
2024-08-07;0.03
2024-08-08;0.03
2024-08-09;0
2024-08-10;0.01
2024-08-11;0.01
2024-08-12;0
2024-08-13;0
2024-08-14;0
2024-08-15;0
2024-08-16;0
2024-08-17;0
2024-08-18;0
2024-08-19;0
2024-08-20;0
2024-08-21;0
2024-08-22;0
2024-08-23;0
2024-08-24;0
2024-08-25;0
2024-08-26;0
2024-08-27;0
2024-08-28;0
2024-08-29;0
2024-08-30;0
2024-08-31;0
2024-09-01;0
2024-09-02;0
2024-09-03;0
2024-09-04;13.43
2024-09-05;7.71
2024-09-06;0.75
2024-09-07;0.03
2024-09-08;0.01
2024-09-09;0.03
2024-09-10;0.02
2024-09-11;0.15
2024-09-12;0.12
2024-09-13;0.02
2024-09-14;0.27
2024-09-15;0.16
2024-09-16;0
2024-09-17;0
2024-09-18;0
2024-09-19;0
2024-09-20;0
2024-09-21;0
2024-09-22;0.44
2024-09-23;11.37
2024-09-24;5.18
2024-09-25;3.15
2024-09-26;1.34
2024-09-27;0.61
2024-09-28;0
2024-09-29;0
2024-09-30;0
2024-10-01;1.3
2024-10-02;1.31
2024-10-03;0.24
2024-10-04;0.11
2024-10-05;0.52
2024-10-06;0.2
2024-10-07;0.02
2024-10-08;0.43
2024-10-09;0.28
2024-10-10;0.04
2024-10-11;0
2024-10-12;0
2024-10-13;0
2024-10-14;0.98
2024-10-15;0.99
2024-10-16;0
2024-10-17;0
2024-10-18;0
2024-10-19;3.15
2024-10-20;2.93
2024-10-21;1.85
2024-10-22;2.42
2024-10-23;0.66
2024-10-24;0.41
2024-10-25;0.18
2024-10-26;0
2024-10-27;0.12
2024-10-28;0.01
2024-10-29;0
2024-10-30;0.01
2024-10-31;7.79
2024-11-01;22.94
2024-11-02;17.21
2024-11-03;14.34
2024-11-04;2.54
2024-11-05;1.18
2024-11-06;0.36
2024-11-07;0.01
2024-11-08;0.29
2024-11-09;1.85
2024-11-10;1
2024-11-11;0.13
2024-11-12;5.44
2024-11-13;3.96
2024-11-14;0.47
2024-11-15;7.51
2024-11-16;2.57
2024-11-17;8.79
2024-11-18;1.89
2024-11-19;3.55
2024-11-20;3.61
2024-11-21;5.65
2024-11-22;11.01
2024-11-23;4.56
2024-11-24;4.64
2024-11-25;0.96
2024-11-26;11.65
2024-11-27;20.82
2024-11-28;2.89
2024-11-29;18.42
2024-11-30;19.58
2024-12-01;4.94
2024-12-02;8.53
2024-12-03;13.42
2024-12-04;3.91
2024-12-05;5.66
2024-12-06;16.99
2024-12-07;2.42
2024-12-08;8.78
2024-12-09;7.61
2024-12-10;50.13
2024-12-11;21.73
2024-12-12;33.76
2024-12-13;6.88
2024-12-14;29.76
2024-12-15;31.11
2024-12-16;4.61
2024-12-17;12.42
2024-12-18;12.08
2024-12-19;0.9
2024-12-20;0.27
2024-12-21;17.84
2024-12-22;5.95
2024-12-23;15.67
2024-12-24;45.19
2024-12-25;21.63
2024-12-26;3.9
2024-12-27;0.16
2024-12-28;19.23
2024-12-29;1.74
2024-12-30;8.14
2024-12-31;6.02
